<?xml version="1.0" encoding="UTF-8"?>
<beans xmlns="http://www.springframework.org/schema/beans"
    xmlns:xsi="http://www.w3.org/2001/XMLSchema-instance"
    xsi:schemaLocation="
        http://www.springframework.org/schema/beans http://www.springframework.org/schema/beans/spring-beans.xsd">
      <!-- bean definitions here --> 
    <bean id="normalTyre" class="com.codingNinjas.carDealership.NormalTyre"></bean>   
    <bean id="SportsTyre" class="com.codingNinjas.carDealership.SportsTyre"></bean>   
    <bean id="HeavyTyre" class="com.codingNinjas.carDealership.HeavyTyre"></bean>   
    <bean id="familyCarNormalTyre" class="com.codingNinjas.carDealership.FamilyCar">
     <constructor-arg ref="normalTyre"></constructor-arg>
    </bean>
    <bean id="familyCarSportsTyre" class="com.codingNinjas.carDealership.FamilyCar">
     <constructor-arg ref="SportsTyre"></constructor-arg>
    </bean>
    <bean id="sportsCarSportsTyre" class="com.codingNinjas.carDealership.SportsCar">
          <property name="tyre" ref="SportsTyre"></property>
    </bean>
    <bean id="sportsCarHeavyTyre" class="com.codingNinjas.carDealership.SportsCar">
          <property name="tyre" ref="HeavyTyre"></property>    
    </bean>
    <bean id="truck" class="com.codingNinjas.carDealership.Truck">
          <constructor-arg ref="HeavyTyre"></constructor-arg>
    </bean>

</beans>